robots,role,policy,allocation_policy,scenario,seed,workload_id,completed_all,tasks_completed,tasks_announced,makespan_s,sim_seconds,contacts_robot_robot,contacts_robot_human,contacts_robot_rack,robot_hours,deadlocks_detected,retreats,yields,replans,dynamic_obstacles_detected,dynamic_reroutes,task_reassignments,robot_failures,auction_bids_sent,energy_bids_suppressed,energy_no_eligible_rounds,nonproductive_wait_ticks,safety_stop_ticks,human_yield_ticks,seconds_degraded,msgs_sent,bytes_sent,msgs_per_robot_s,bytes_per_robot_s,heartbeat_messages_sent,intent_messages_sent,auction_messages_sent,coordination_messages_sent,heartbeat_messages_suppressed,intent_messages_suppressed,lease_renewals_suppressed,bid_rebroadcasts_suppressed,decision_events,congestion_samples,experience_messages_sent,experience_updates_received,experience_guided_replans,predictive_hazards_seen,predictive_reroutes,charger_contentions_avoided,plan_cpu_mean_ms,plan_cpu_max_ms,net_loss
4,baseline,stop_and_wait,auction,sih_acceptance_overlap,0,4be5bb47340bec017bf24b0d49c44366dbd9a32996228818fcd79206cfcf5024,False,0,12,1200.0,1200.0,0,0,0,1.33333,0,0,0,367,0,0,0,0,10,0,0,234631,233730,0,0.0,45343,8514872,9.45,1773.9,22672,0,22671,0,0,0,0,0,0,0,0,0,0,0,0,0,0.03,1.197,0.0
4,baseline,stop_and_wait,auction,sih_acceptance_overlap,1,97556d94d5a511cf14f9274fac42ec06cec9c78ba24a197f5ee69fc7613acf78,False,0,12,1200.0,1200.0,0,0,0,1.33333,0,0,0,366,0,0,0,0,10,0,0,234372,116794,0,0.0,45343,8514680,9.45,1773.9,22672,0,22671,0,0,0,0,0,0,0,0,0,0,0,0,0,0.029,0.102,0.0
4,baseline,stop_and_wait,auction,sih_acceptance_overlap,2,96b8e41533d59ca9befda6655911a8ed455be3ae301615be82abe4a405bfacf3,False,0,12,1200.0,1200.0,0,0,0,1.33333,0,0,0,366,0,0,0,0,10,0,0,234366,176261,0,0.0,45343,8526238,9.45,1776.3,22672,0,22671,0,0,0,0,0,0,0,0,0,0,0,0,0,0.032,0.115,0.0
4,baseline,stop_and_wait,auction,sih_acceptance_overlap,3,b91f21db083ea0ac5dfebb24576c29f5b5e6813f2933ad8e6268b7c63c341898,False,0,12,1200.0,1200.0,0,0,0,1.33333,0,0,0,368,0,0,0,0,10,0,0,235301,117134,0,0.0,45343,8503794,9.45,1771.6,22672,0,22671,0,0,0,0,0,0,0,0,0,0,0,0,0,0.025,0.059,0.0
4,baseline,stop_and_wait,auction,sih_acceptance_overlap,4,8539e1e5b1620433f23b5cb4fc2664c1e20edccfe926f461ff91e914883cacaf,False,0,12,1200.0,1200.0,0,0,0,1.33333,0,0,0,367,0,0,0,0,10,0,0,234891,233320,0,0.0,45343,8509560,9.45,1772.8,22672,0,22671,0,0,0,0,0,0,0,0,0,0,0,0,0,0.023,0.086,0.0
4,baseline,stop_and_wait,auction,sih_acceptance_overlap,5,047e66b31c7d8cc3b0949e106e2100081ec94b1362a661277f1270232a28ab05,False,0,12,1200.0,1200.0,0,0,0,1.33333,0,0,0,366,0,0,0,0,10,0,0,233411,116946,0,0.0,45343,8514352,9.45,1773.8,22672,0,22671,0,0,0,0,0,0,0,0,0,0,0,0,0,0.031,0.2,0.0
4,baseline,stop_and_wait,auction,sih_acceptance_overlap,6,27acf54c1dcaa5ae8f95a0e4469d38a3739284660453bbdc467b91a3bfe9b1e9,False,0,12,1200.0,1200.0,0,0,0,1.33333,0,0,0,367,0,0,0,0,10,0,0,234416,117924,0,0.0,45343,8517697,9.45,1774.5,22672,0,22671,0,0,0,0,0,0,0,0,0,0,0,0,0,0.028,0.165,0.0
4,baseline,stop_and_wait,auction,sih_acceptance_overlap,7,4d23458cb8af26c9a9d75dfe9fb996cc442c2981f3324ef196ce6736af620839,False,0,12,1200.0,1200.0,0,0,0,1.33333,0,0,0,367,0,0,0,0,10,0,0,234370,0,0,0.0,45343,8475910,9.45,1765.8,22672,0,22671,0,0,0,0,0,0,0,0,0,0,0,0,0,0.034,0.115,0.0
4,baseline,stop_and_wait,auction,sih_acceptance_overlap,8,c6a45cf7300180ce06b7aa75d34ab32dab50c22f637ac5c95cfc281a1074bdf9,False,0,12,1200.0,1200.0,0,0,0,1.33333,0,0,0,368,0,0,0,0,10,0,0,235081,0,0,0.0,45343,8474945,9.45,1765.6,22672,0,22671,0,0,0,0,0,0,0,0,0,0,0,0,0,0.034,0.139,0.0
4,baseline,stop_and_wait,auction,sih_acceptance_overlap,9,a4c3171696b19578da9b9cdf446fabe9a816bc095a632082ed8be7125d3c00cd,False,0,12,1200.0,1200.0,0,0,0,1.33333,0,0,0,366,0,0,0,0,10,0,0,234799,234220,0,0.0,45343,8525966,9.45,1776.2,22672,0,22671,0,0,0,0,0,0,0,0,0,0,0,0,0,0.029,0.159,0.0
4,baseline,stop_and_wait,auction,sih_acceptance_overlap,10,bc08776a16c29264f967db0b04a772336ce3ed7f0d34bc680308d9d2779a567a,False,0,12,1200.0,1200.0,0,0,0,1.33333,0,0,0,366,0,0,0,0,10,0,0,234148,233158,0,0.0,45343,8491902,9.45,1769.1,22672,0,22671,0,0,0,0,0,0,0,0,0,0,0,0,0,0.035,0.5,0.0
4,baseline,stop_and_wait,auction,sih_acceptance_overlap,11,9ac042ab207a36281959dca12078236d4bee2d90e3fe6310d0bc9db36179b8ec,False,1,12,1200.0,1200.0,0,0,0,1.33333,0,0,0,368,0,0,0,0,11,0,0,234784,116348,0,0.0,45346,8520321,9.45,1775.1,22672,0,22674,0,0,0,0,0,0,0,0,0,0,0,0,0,0.043,0.1,0.0
4,baseline,stop_and_wait,auction,sih_acceptance_overlap,12,7f43a4723b53369bde5d20428a69bb72470e0f79e5592b7b97ae9a6394cce769,False,0,12,1200.0,1200.0,0,0,0,1.33333,0,0,0,367,0,0,0,0,10,0,0,234413,234237,0,0.0,45343,8503833,9.45,1771.6,22672,0,22671,0,0,0,0,0,0,0,0,0,0,0,0,0,0.038,0.097,0.0
4,baseline,stop_and_wait,auction,sih_acceptance_overlap,13,d01777db462bab24603282d321b0d1f582890546d9836cf915bdbdacec7fbe6a,False,0,12,1200.0,1200.0,0,0,0,1.33333,0,0,0,366,0,0,0,0,10,0,0,234035,232790,0,0.0,45343,8519862,9.45,1775.0,22672,0,22671,0,0,0,0,0,0,0,0,0,0,0,0,0,0.04,0.109,0.0
4,baseline,stop_and_wait,auction,sih_acceptance_overlap,14,c03874b47850d20984b57c945a7f250af18d11f549550d9329cef5abb7362f05,False,0,12,1200.0,1200.0,0,0,0,1.33333,0,0,0,277,0,0,0,0,10,0,0,234540,175511,0,0.0,45343,8520675,9.45,1775.1,22672,0,22671,0,0,0,0,0,0,0,0,0,0,0,0,0,0.044,0.125,0.0
4,baseline,stop_and_wait,auction,sih_acceptance_overlap,15,f97c3c1b7582724e8b52321fb1bcc5b270a855d1444e339a26638ea7feb46549,False,1,12,1200.0,1200.0,0,0,0,1.33333,0,0,0,328,0,0,0,0,11,0,0,231400,231135,0,0.0,45346,8515476,9.45,1774.1,22672,0,22674,0,0,0,0,0,0,0,0,0,0,0,0,0,0.041,0.13,0.0
4,baseline,stop_and_wait,auction,sih_acceptance_overlap,16,b49fc75c9915e3bc802cc20333ae40d783116869064e998a6cc8ceb37da69edc,False,0,12,1200.0,1200.0,0,0,0,1.33333,0,0,0,367,0,0,0,0,10,0,0,235980,118816,0,0.0,45343,8522115,9.45,1775.4,22672,0,22671,0,0,0,0,0,0,0,0,0,0,0,0,0,0.043,0.14,0.0
4,baseline,stop_and_wait,auction,sih_acceptance_overlap,17,80f9127eb9fc5754c87d6e44696721eed7f85b477f0ec0e40c9fe41210e2f204,False,5,12,1200.0,1200.0,0,0,0,1.33333,0,0,0,359,0,0,0,0,15,0,0,223762,0,0,0.0,45355,8528204,9.45,1776.7,22672,0,22683,0,0,0,0,0,0,0,0,0,0,0,0,0,0.021,0.131,0.0
4,baseline,stop_and_wait,auction,sih_acceptance_overlap,18,90698515166e56a438a5fb73b42a78775ca496ddf7c9c0ade6a2b42cd3457abd,False,0,12,1200.0,1200.0,0,0,0,1.33333,0,0,0,368,0,0,0,0,10,0,0,235317,117020,0,0.0,45343,8511787,9.45,1773.3,22672,0,22671,0,0,0,0,0,0,0,0,0,0,0,0,0,0.04,0.938,0.0
4,baseline,stop_and_wait,auction,sih_acceptance_overlap,19,5f5338e67107b5bbc848a6890ed361c15a38f4404d657e5bc6c29bac10260fb2,False,0,12,1200.0,1200.0,0,0,0,1.33333,0,0,0,367,0,0,0,0,10,0,0,234677,116182,0,0.0,45343,8491537,9.45,1769.1,22672,0,22671,0,0,0,0,0,0,0,0,0,0,0,0,0,0.036,0.076,0.0
4,baseline,stop_and_wait,auction,sih_acceptance_overlap,20,83db9cbf2b701df67acd5a8d01a872002bb98cc568f2b0c9e24ed2668f14f8ce,False,0,12,1200.0,1200.0,0,0,0,1.33333,0,0,0,364,0,0,0,0,10,0,0,233643,232796,0,0.0,45343,8517574,9.45,1774.5,22672,0,22671,0,0,0,0,0,0,0,0,0,0,0,0,0,0.04,0.13,0.0
4,baseline,stop_and_wait,auction,sih_acceptance_overlap,21,be3e2c081b9b1aa6d378ed6ba8ea9f075e3f2fa21950901a2db4cf7a686c9b98,False,0,12,1200.0,1200.0,0,0,0,1.33333,0,0,0,368,0,0,0,0,10,0,0,234781,117032,0,0.0,45343,8514998,9.45,1774.0,22672,0,22671,0,0,0,0,0,0,0,0,0,0,0,0,0,0.045,4.772,0.0
4,baseline,stop_and_wait,auction,sih_acceptance_overlap,22,418b4a5a0b58c367f0084edff13e83ef0824ab50b122e06d9fc85ce1ff52862c,False,0,12,1200.0,1200.0,0,0,0,1.33333,0,0,0,186,0,0,0,0,10,0,0,235081,118694,0,0.0,45343,8480263,9.45,1766.7,22672,0,22671,0,0,0,0,0,0,0,0,0,0,0,0,0,0.035,0.182,0.0
4,baseline,stop_and_wait,auction,sih_acceptance_overlap,23,fefcf72d214ac63fc5a2aa66b86e336ee5b51c6d6e09bfc8c1fb4921d10bbe6f,False,0,12,1200.0,1200.0,0,0,0,1.33333,0,0,0,275,0,0,0,0,10,0,0,233414,174711,0,0.0,45343,8515004,9.45,1774.0,22672,0,22671,0,0,0,0,0,0,0,0,0,0,0,0,0,0.035,0.084,0.0
4,baseline,stop_and_wait,auction,sih_acceptance_overlap,24,3d734a62036e02b569ca54f25023c2b718ecc0c05313031d1c55e9fe4f2a23eb,False,0,12,1200.0,1200.0,0,0,0,1.33333,0,0,0,366,0,0,0,0,10,0,0,234352,116812,0,0.0,45343,8514458,9.45,1773.8,22672,0,22671,0,0,0,0,0,0,0,0,0,0,0,0,0,0.035,0.088,0.0
4,baseline,stop_and_wait,auction,sih_acceptance_overlap,25,e17d1e37600a89f37e8e3488f2bd40de4cd23c790e4fa79d4ebcde3b93fa4292,False,0,12,1200.0,1200.0,0,0,0,1.33333,0,0,0,365,0,0,0,0,10,0,0,233476,233381,0,0.0,45343,8504350,9.45,1771.7,22672,0,22671,0,0,0,0,0,0,0,0,0,0,0,0,0,0.036,0.101,0.0
4,baseline,stop_and_wait,auction,sih_acceptance_overlap,26,5ce37542939522a6e0f3cbb30b81e2c71acc9e9f97afd1d2eafa27e38e5440c6,False,0,12,1200.0,1200.0,0,0,0,1.33333,0,0,0,368,0,0,0,0,10,0,0,235478,117402,0,0.0,45343,8520654,9.45,1775.1,22672,0,22671,0,0,0,0,0,0,0,0,0,0,0,0,0,0.038,0.092,0.0
4,baseline,stop_and_wait,auction,sih_acceptance_overlap,27,12fbecf7805aab0651a72f100d23a728bce0728abfd1a7cdece3120111fe07c7,False,0,12,1200.0,1200.0,0,0,0,1.33333,0,0,0,367,0,0,0,0,10,0,0,234209,234064,0,0.0,45343,8513356,9.45,1773.6,22672,0,22671,0,0,0,0,0,0,0,0,0,0,0,0,0,0.031,0.122,0.0
4,baseline,stop_and_wait,auction,sih_acceptance_overlap,28,46eae2e0b914a9b54152fe1b36db4f8f658a84c1c632c675756e7ab32d71ee5f,False,0,12,1200.0,1200.0,0,0,0,1.33333,0,0,0,366,0,0,0,0,10,0,0,233576,116218,0,0.0,45343,8520442,9.45,1775.1,22672,0,22671,0,0,0,0,0,0,0,0,0,0,0,0,0,0.043,0.133,0.0
4,baseline,stop_and_wait,auction,sih_acceptance_overlap,29,c0a4301a878459cb76ac74cdfc3ffcbdd621ad0a5966a955783c94d096aaf2c2,False,0,12,1200.0,1200.0,0,0,0,1.33333,0,0,0,367,0,0,0,0,10,0,0,235063,117198,0,0.0,45343,8519392,9.45,1774.9,22672,0,22671,0,0,0,0,0,0,0,0,0,0,0,0,0,0.042,0.129,0.0
4,candidate,BIOS_PIBT.5,auction,sih_acceptance_overlap,0,4be5bb47340bec017bf24b0d49c44366dbd9a32996228818fcd79206cfcf5024,True,12,12,417.32,417.34,0,0,0,0.46371,0,0,74,54,0,0,0,0,7061,21,1,4857,1326,0,0.0,22246,4286947,13.33,2568.0,7688,3485,10484,589,0,0,0,0,0,0,0,0,0,0,0,0,0.034,0.917,0.0
4,candidate,BIOS_PIBT.5,auction,sih_acceptance_overlap,1,97556d94d5a511cf14f9274fac42ec06cec9c78ba24a197f5ee69fc7613acf78,True,12,12,386.16,386.18,0,0,0,0.42909,0,0,40,42,0,0,0,0,6950,19,0,3731,786,0,0.0,20474,3952313,13.25,2558.6,7120,2930,9884,540,0,0,0,0,0,0,0,0,0,0,0,0,0.034,1.932,0.0
4,candidate,BIOS_PIBT.5,auction,sih_acceptance_overlap,2,96b8e41533d59ca9befda6655911a8ed455be3ae301615be82abe4a405bfacf3,True,12,12,401.48,401.5,0,0,0,0.44611,0,0,48,52,0,0,0,0,7287,18,0,2970,0,0,0.0,21690,4172566,13.51,2598.1,7400,3287,10427,576,0,0,0,0,0,0,0,0,0,0,0,0,0.034,0.487,0.0
4,candidate,BIOS_PIBT.5,auction,sih_acceptance_overlap,3,b91f21db083ea0ac5dfebb24576c29f5b5e6813f2933ad8e6268b7c63c341898,True,12,12,395.86,395.88,0,0,0,0.43987,0,0,45,51,0,0,0,0,6868,27,1,3859,1014,0,0.0,20771,4003978,13.12,2528.5,7296,3052,9892,531,0,0,0,0,0,0,0,0,0,0,0,0,0.035,0.422,0.0
4,candidate,BIOS_PIBT.5,auction,sih_acceptance_overlap,4,8539e1e5b1620433f23b5cb4fc2664c1e20edccfe926f461ff91e914883cacaf,True,12,12,355.78,355.8,0,0,0,0.39533,0,0,33,33,0,0,0,0,6142,21,0,2543,0,0,0.0,18578,3585386,13.05,2519.2,6564,2665,8839,510,0,0,0,0,0,0,0,0,0,0,0,0,0.035,1.55,0.0
4,candidate,BIOS_PIBT.5,auction,sih_acceptance_overlap,5,047e66b31c7d8cc3b0949e106e2100081ec94b1362a661277f1270232a28ab05,True,12,12,387.88,387.9,0,0,0,0.431,0,0,33,35,0,0,0,0,6921,35,1,2513,172,0,0.0,20316,3919248,13.09,2525.9,7152,2855,9794,515,0,0,0,0,0,0,0,0,0,0,0,0,0.033,0.396,0.0
4,candidate,BIOS_PIBT.5,auction,sih_acceptance_overlap,6,27acf54c1dcaa5ae8f95a0e4469d38a3739284660453bbdc467b91a3bfe9b1e9,True,12,12,397.98,398.0,0,0,0,0.44222,0,0,26,43,0,0,0,0,6983,24,1,2951,0,0,0.0,20760,4016422,13.04,2522.9,7336,2968,9947,509,0,0,0,0,0,0,0,0,0,0,0,0,0.035,0.94,0.0
4,candidate,BIOS_PIBT.5,auction,sih_acceptance_overlap,7,4d23458cb8af26c9a9d75dfe9fb996cc442c2981f3324ef196ce6736af620839,True,12,12,370.02,370.04,0,0,0,0.41116,0,0,39,40,0,0,0,0,7032,25,1,1850,160,0,0.0,20030,3859114,13.53,2607.2,6824,2829,9869,508,0,0,0,0,0,0,0,0,0,0,0,0,0.035,0.907,0.0
4,candidate,BIOS_PIBT.5,auction,sih_acceptance_overlap,8,c6a45cf7300180ce06b7aa75d34ab32dab50c22f637ac5c95cfc281a1074bdf9,True,12,12,351.98,352.0,0,0,0,0.39111,0,0,32,36,0,0,0,0,6295,23,0,2809,0,0,0.0,18632,3595339,13.23,2553.5,6492,2656,8975,509,0,0,0,0,0,0,0,0,0,0,0,0,0.035,1.654,0.0
4,candidate,BIOS_PIBT.5,auction,sih_acceptance_overlap,9,a4c3171696b19578da9b9cdf446fabe9a816bc095a632082ed8be7125d3c00cd,True,12,12,392.8,392.82,0,0,0,0.43647,0,0,45,39,0,0,0,0,6826,19,1,4007,1004,0,0.0,20543,3969020,13.07,2526.0,7240,2961,9819,523,0,0,0,0,0,0,0,0,0,0,0,0,0.036,4.349,0.0
4,candidate,BIOS_PIBT.5,auction,sih_acceptance_overlap,10,bc08776a16c29264f967db0b04a772336ce3ed7f0d34bc680308d9d2779a567a,True,12,12,431.14,431.16,0,0,0,0.47907,0,0,66,60,0,0,0,0,7085,14,0,6314,0,0,0.0,22970,4435562,13.32,2571.9,7940,3728,10688,614,0,0,0,0,0,0,0,0,0,0,0,0,0.037,2.732,0.0
4,candidate,BIOS_PIBT.5,auction,sih_acceptance_overlap,11,9ac042ab207a36281959dca12078236d4bee2d90e3fe6310d0bc9db36179b8ec,True,12,12,351.96,351.98,0,0,0,0.39109,0,0,40,43,0,0,0,0,6177,31,1,2956,0,0,0.0,18480,3559733,13.13,2528.4,6492,2648,8820,520,0,0,0,0,0,0,0,0,0,0,0,0,0.036,0.517,0.0
4,candidate,BIOS_PIBT.5,auction,sih_acceptance_overlap,12,7f43a4723b53369bde5d20428a69bb72470e0f79e5592b7b97ae9a6394cce769,True,12,12,369.62,369.64,0,0,0,0.41071,0,0,26,39,0,0,0,0,6517,15,1,2587,0,0,0.0,19457,3755449,13.16,2539.9,6816,2800,9334,507,0,0,0,0,0,0,0,0,0,0,0,0,0.035,1.126,0.0
4,candidate,BIOS_PIBT.5,auction,sih_acceptance_overlap,13,d01777db462bab24603282d321b0d1f582890546d9836cf915bdbdacec7fbe6a,True,12,12,383.22,383.24,0,0,0,0.42582,0,0,48,49,0,0,0,0,7084,17,0,2274,0,0,0.0,20908,4026538,13.64,2626.6,7064,3137,10151,556,0,0,0,0,0,0,0,0,0,0,0,0,0.038,2.393,0.0
4,candidate,BIOS_PIBT.5,auction,sih_acceptance_overlap,14,c03874b47850d20984b57c945a7f250af18d11f549550d9329cef5abb7362f05,True,12,12,370.9,370.92,0,0,0,0.41213,0,0,23,42,0,0,0,0,6786,21,1,2553,0,0,0.0,19580,3769877,13.2,2540.9,6840,2735,9509,496,0,0,0,0,0,0,0,0,0,0,0,0,0.036,1.377,0.0
4,candidate,BIOS_PIBT.5,auction,sih_acceptance_overlap,15,f97c3c1b7582724e8b52321fb1bcc5b270a855d1444e339a26638ea7feb46549,True,12,12,363.02,363.04,0,0,0,0.40338,0,0,38,42,0,0,0,0,6796,26,1,2775,0,0,0.0,19639,3787296,13.52,2608.0,6696,2820,9601,522,0,0,0,0,0,0,0,0,0,0,0,0,0.035,2.028,0.0
4,candidate,BIOS_PIBT.5,auction,sih_acceptance_overlap,16,b49fc75c9915e3bc802cc20333ae40d783116869064e998a6cc8ceb37da69edc,True,12,12,382.58,382.6,0,0,0,0.42511,0,0,33,44,0,0,0,0,6297,16,0,3180,448,0,0.0,19978,3861929,13.05,2523.5,7052,3050,9351,525,0,0,0,0,0,0,0,0,0,0,0,0,0.036,0.453,0.0
4,candidate,BIOS_PIBT.5,auction,sih_acceptance_overlap,17,80f9127eb9fc5754c87d6e44696721eed7f85b477f0ec0e40c9fe41210e2f204,True,12,12,373.4,373.42,0,0,0,0.41491,0,0,59,64,0,0,0,0,5685,20,1,6367,0,0,0.0,19991,3866955,13.38,2588.9,6884,3484,9000,623,0,0,0,0,0,0,0,0,0,0,0,0,0.037,2.543,0.0
4,candidate,BIOS_PIBT.5,auction,sih_acceptance_overlap,18,90698515166e56a438a5fb73b42a78775ca496ddf7c9c0ade6a2b42cd3457abd,True,12,12,383.08,383.1,0,0,0,0.42567,0,0,37,44,0,0,0,0,6782,24,1,2760,394,0,0.0,19972,3848705,13.03,2511.6,7064,2805,9579,524,0,0,0,0,0,0,0,0,0,0,0,0,0.036,1.369,0.0
4,candidate,BIOS_PIBT.5,auction,sih_acceptance_overlap,19,5f5338e67107b5bbc848a6890ed361c15a38f4404d657e5bc6c29bac10260fb2,True,12,12,358.78,358.8,0,0,0,0.39867,0,0,33,37,0,0,0,0,6479,18,0,2054,0,0,0.0,19011,3661998,13.25,2551.6,6620,2690,9186,515,0,0,0,0,0,0,0,0,0,0,0,0,0.037,2.513,0.0
4,candidate,BIOS_PIBT.5,auction,sih_acceptance_overlap,20,83db9cbf2b701df67acd5a8d01a872002bb98cc568f2b0c9e24ed2668f14f8ce,True,12,12,395.22,395.24,0,0,0,0.43916,0,0,38,40,0,0,0,0,7431,32,1,3234,0,0,0.0,21097,4063300,13.34,2570.1,7284,2933,10373,507,0,0,0,0,0,0,0,0,0,0,0,0,0.035,0.699,0.0
4,candidate,BIOS_PIBT.5,auction,sih_acceptance_overlap,21,be3e2c081b9b1aa6d378ed6ba8ea9f075e3f2fa21950901a2db4cf7a686c9b98,True,12,12,373.52,373.54,0,0,0,0.41504,0,0,27,38,0,0,0,0,6668,28,0,3260,0,0,0.0,19665,3791520,13.16,2537.6,6888,2796,9477,504,0,0,0,0,0,0,0,0,0,0,0,0,0.036,0.468,0.0
4,candidate,BIOS_PIBT.5,auction,sih_acceptance_overlap,22,418b4a5a0b58c367f0084edff13e83ef0824ab50b122e06d9fc85ce1ff52862c,True,12,12,399.14,399.16,0,0,0,0.44351,0,0,46,49,0,0,0,0,6713,17,1,3586,462,0,0.0,20669,3985081,12.95,2495.9,7356,3055,9743,515,0,0,0,0,0,0,0,0,0,0,0,0,0.036,1.301,0.0
4,candidate,BIOS_PIBT.5,auction,sih_acceptance_overlap,23,fefcf72d214ac63fc5a2aa66b86e336ee5b51c6d6e09bfc8c1fb4921d10bbe6f,True,12,12,386.5,386.52,0,0,0,0.42947,0,0,28,45,0,0,0,0,6661,17,1,2251,0,0,0.0,19948,3852989,12.9,2492.1,7124,2845,9468,511,0,0,0,0,0,0,0,0,0,0,0,0,0.037,0.739,0.0
4,candidate,BIOS_PIBT.5,auction,sih_acceptance_overlap,24,3d734a62036e02b569ca54f25023c2b718ecc0c05313031d1c55e9fe4f2a23eb,True,12,12,384.56,384.58,0,0,0,0.42731,0,0,21,41,0,0,0,0,6405,25,1,2122,0,0,0.0,19757,3823524,12.84,2485.5,7088,2895,9285,489,0,0,0,0,0,0,0,0,0,0,0,0,0.037,0.678,0.0
4,candidate,BIOS_PIBT.5,auction,sih_acceptance_overlap,25,e17d1e37600a89f37e8e3488f2bd40de4cd23c790e4fa79d4ebcde3b93fa4292,True,12,12,400.84,400.86,0,0,0,0.4454,0,0,25,40,0,0,0,0,6839,25,0,2024,0,0,0.0,20636,3986131,12.87,2486.0,7388,2959,9786,503,0,0,0,0,0,0,0,0,0,0,0,0,0.039,2.878,0.0
4,candidate,BIOS_PIBT.5,auction,sih_acceptance_overlap,26,5ce37542939522a6e0f3cbb30b81e2c71acc9e9f97afd1d2eafa27e38e5440c6,True,12,12,379.28,379.3,0,0,0,0.42144,0,0,39,41,0,0,0,0,6650,22,0,3171,0,0,0.0,19813,3821380,13.06,2518.7,6992,2825,9485,511,0,0,0,0,0,0,0,0,0,0,0,0,0.036,0.666,0.0
4,candidate,BIOS_PIBT.5,auction,sih_acceptance_overlap,27,12fbecf7805aab0651a72f100d23a728bce0728abfd1a7cdece3120111fe07c7,True,12,12,386.48,386.5,0,0,0,0.42944,0,0,31,44,0,0,0,0,6603,22,1,2788,0,0,0.0,19997,3862403,12.93,2498.3,7124,2895,9462,516,0,0,0,0,0,0,0,0,0,0,0,0,0.036,0.415,0.0
4,candidate,BIOS_PIBT.5,auction,sih_acceptance_overlap,28,46eae2e0b914a9b54152fe1b36db4f8f658a84c1c632c675756e7ab32d71ee5f,True,12,12,393.62,393.64,0,0,0,0.43738,0,0,32,39,0,0,0,0,7339,27,0,2774,650,0,0.0,20981,4049153,13.32,2571.6,7256,2931,10298,496,0,0,0,0,0,0,0,0,0,0,0,0,0.033,1.274,0.0
4,candidate,BIOS_PIBT.5,auction,sih_acceptance_overlap,29,c0a4301a878459cb76ac74cdfc3ffcbdd621ad0a5966a955783c94d096aaf2c2,True,12,12,364.0,364.02,0,0,0,0.40447,0,0,37,41,0,0,0,0,6097,18,1,3315,812,0,0.0,18904,3650842,12.98,2507.3,6712,2796,8882,514,0,0,0,0,0,0,0,0,0,0,0,0,0.037,2.199,0.0
6,baseline,stop_and_wait,auction,sih_acceptance_overlap,0,144134cfbe55dfa811f6a4862e83d373aae384cb425cbecae5c36073e9fcabd8,False,0,18,1200.0,1200.0,0,0,0,2.0,0,0,0,509,0,0,0,0,21,0,0,354904,236704,0,0.0,68020,12746135,9.45,1770.3,34008,0,34012,0,0,0,0,0,0,0,0,0,0,0,0,0,0.041,0.361,0.0
6,baseline,stop_and_wait,auction,sih_acceptance_overlap,1,536a285e2bca15b4a69eef03bdeb261a7ee5d84409afbbfef3bd30119fb103f8,False,0,18,1200.0,1200.0,0,0,0,2.0,0,0,0,551,0,0,0,0,21,0,0,352339,235296,0,0.0,68020,12738857,9.45,1769.3,34008,0,34012,0,0,0,0,0,0,0,0,0,0,0,0,0,0.04,0.188,0.0
6,baseline,stop_and_wait,auction,sih_acceptance_overlap,2,ef30d4cc7a4fde9db3aff0d3188ec7460a719f3e892a84762682dff81782cbd3,False,0,18,1200.0,1200.0,0,0,0,2.0,0,0,0,463,0,0,0,0,21,0,0,351596,117680,0,0.0,68020,12769728,9.45,1773.6,34008,0,34012,0,0,0,0,0,0,0,0,0,0,0,0,0,0.049,5.145,0.0
6,baseline,stop_and_wait,auction,sih_acceptance_overlap,3,d24e0ae1b515943660d38162f75554641b0c96ed16f2703b068a13777a78ab84,False,0,18,1200.0,1200.0,0,0,0,2.0,0,0,0,552,0,0,0,0,21,0,0,353062,117296,0,0.0,68020,12769781,9.45,1773.6,34008,0,34012,0,0,0,0,0,0,0,0,0,0,0,0,0,0.05,6.869,0.0
6,baseline,stop_and_wait,auction,sih_acceptance_overlap,4,e98efc09e0c603c8a411e96a2d3ee4141a9946569aa87b1b603ef3ccf0aefb8b,False,0,18,1200.0,1200.0,0,0,0,2.0,0,0,0,551,0,0,0,0,21,0,0,352847,117962,0,0.0,68020,12752319,9.45,1771.2,34008,0,34012,0,0,0,0,0,0,0,0,0,0,0,0,0,0.033,0.088,0.0
6,baseline,stop_and_wait,auction,sih_acceptance_overlap,5,ad97dc1f164306b76946cb50c1335f162482119d964e1c173f854eeb5166c670,False,0,18,1200.0,1200.0,0,0,0,2.0,0,0,0,550,0,0,0,0,21,0,0,351623,233832,0,0.0,68020,12793156,9.45,1776.8,34008,0,34012,0,0,0,0,0,0,0,0,0,0,0,0,0,0.037,0.222,0.0
6,baseline,stop_and_wait,auction,sih_acceptance_overlap,6,ea5e1799d00579fe53cedb551f37507bd26a7b2052947a1dc83046a199b5438e,False,0,18,1200.0,1200.0,0,0,0,2.0,0,0,0,550,0,0,0,0,21,0,0,352299,116186,0,0.0,68020,12792387,9.45,1776.7,34008,0,34012,0,0,0,0,0,0,0,0,0,0,0,0,0,0.033,0.712,0.0
6,baseline,stop_and_wait,auction,sih_acceptance_overlap,7,ccd880f027b7f3c51f7c517b7c3855f7db6590d1b06144fc342c6ca0f9a97481,False,0,18,1200.0,1200.0,0,0,0,2.0,0,0,0,548,0,0,0,0,21,0,0,351841,116806,0,0.0,68020,12753990,9.45,1771.4,34008,0,34012,0,0,0,0,0,0,0,0,0,0,0,0,0,0.035,0.979,0.0
6,baseline,stop_and_wait,auction,sih_acceptance_overlap,8,e3dc7e6c3954826440a84519e758c830826b8bf1d541ee07203e38e976e6546d,False,1,18,1200.0,1200.0,0,0,0,2.0,0,0,0,458,0,0,0,0,22,0,0,349666,291536,0,0.0,68023,12757932,9.45,1771.9,34008,0,34015,0,0,0,0,0,0,0,0,0,0,0,0,0,0.034,0.088,0.0
6,baseline,stop_and_wait,auction,sih_acceptance_overlap,9,3cac808b48d135e68c85f3a193943ec84bb557d8789a3ce739616a5dd5231a6b,False,0,18,1200.0,1200.0,0,0,0,2.0,0,0,0,552,0,0,0,0,21,0,0,353225,117558,0,0.0,68020,12765671,9.45,1773.0,34008,0,34012,0,0,0,0,0,0,0,0,0,0,0,0,0,0.036,0.544,0.0
6,baseline,stop_and_wait,auction,sih_acceptance_overlap,10,d7f0be6f5e878c9c4073653d342183b6eb706c7461e8f9219822aae26b70af3d,False,0,18,1200.0,1200.0,0,0,0,2.0,0,0,0,549,0,0,0,0,21,0,0,351316,116802,0,0.0,68020,12759118,9.45,1772.1,34008,0,34012,0,0,0,0,0,0,0,0,0,0,0,0,0,0.046,0.573,0.0
6,baseline,stop_and_wait,auction,sih_acceptance_overlap,11,3c1782aacb5483836009361eb6ee924adee053231500073b98436d5e1b4a92ea,False,0,18,1200.0,1200.0,0,0,0,2.0,0,0,0,554,0,0,0,0,21,0,0,354047,236004,0,0.0,68020,12779253,9.45,1774.9,34008,0,34012,0,0,0,0,0,0,0,0,0,0,0,0,0,0.063,4.22,0.0
6,baseline,stop_and_wait,auction,sih_acceptance_overlap,12,67eb3f906c90f0cac5d365327d2eb55ede30c9da23af8c5634e7c02dd90130be,False,0,18,1200.0,1200.0,0,0,0,2.0,0,0,0,551,0,0,0,0,21,0,0,353270,352842,0,0.0,68020,12773030,9.45,1774.0,34008,0,34012,0,0,0,0,0,0,0,0,0,0,0,0,0,0.06,0.415,0.0
6,baseline,stop_and_wait,auction,sih_acceptance_overlap,13,1f7c37adbd80fd2ba92f8bc38a52be11b90e15d53e4a643120df1f03fe904f89,False,0,18,1200.0,1200.0,0,0,0,2.0,0,0,0,549,0,0,0,0,21,0,0,351416,116836,0,0.0,68020,12772690,9.45,1774.0,34008,0,34012,0,0,0,0,0,0,0,0,0,0,0,0,0,0.05,0.116,0.0
6,baseline,stop_and_wait,auction,sih_acceptance_overlap,14,a278609eacd34c05aa1e0818f81fdb77853461e13ba16f0f0fa8199c5814dfea,False,0,18,1200.0,1200.0,0,0,0,2.0,0,0,0,550,0,0,0,0,21,0,0,352770,234608,0,0.0,68020,12764440,9.45,1772.8,34008,0,34012,0,0,0,0,0,0,0,0,0,0,0,0,0,0.057,1.433,0.0
6,baseline,stop_and_wait,auction,sih_acceptance_overlap,15,3b21d4d8ff5086db767ff53a791bb68cf9a148ec4f3397d2e72a7bc36ca4f845,False,1,18,1200.0,1200.0,0,0,0,2.0,0,0,0,553,0,0,0,0,22,0,0,352357,293167,0,0.0,68023,12741459,9.45,1769.6,34008,0,34015,0,0,0,0,0,0,0,0,0,0,0,0,0,0.075,0.289,0.0
6,baseline,stop_and_wait,auction,sih_acceptance_overlap,16,daebe01e9c9591bbe903c3e7b2f697c563e8ec5647aeee82582e55bf2ba0733a,False,0,18,1200.0,1200.0,0,0,0,2.0,0,0,0,552,0,0,0,0,21,0,0,355726,238010,0,0.0,68020,12752947,9.45,1771.2,34008,0,34012,0,0,0,0,0,0,0,0,0,0,0,0,0,0.048,0.286,0.0
6,baseline,stop_and_wait,auction,sih_acceptance_overlap,17,db5797b91c65a6aa7cad97adc07891a7e89933d543196ae92e1b764a8daeeeb0,False,0,18,1200.0,1200.0,0,0,0,2.0,0,0,0,458,0,0,0,0,21,0,0,352842,235370,0,0.0,68020,12769061,9.45,1773.5,34008,0,34012,0,0,0,0,0,0,0,0,0,0,0,0,0,0.056,0.161,0.0
6,baseline,stop_and_wait,auction,sih_acceptance_overlap,18,ebae5612c35d2ca9923c5470e34a6eced02402a58c3ee514180bddbe869fabf0,False,0,18,1200.0,1200.0,0,0,0,2.0,0,0,0,486,0,0,0,0,21,0,0,353357,177968,0,0.0,68020,12711627,9.45,1765.5,34008,0,34012,0,0,0,0,0,0,0,0,0,0,0,0,0,0.051,0.369,0.0
6,baseline,stop_and_wait,auction,sih_acceptance_overlap,19,bda9a50323f907255329d8f0c54e965b4bbd839941a60c6206c38ef3c6dded03,False,0,18,1200.0,1200.0,0,0,0,2.0,0,0,0,549,0,0,0,0,21,0,0,352714,117762,0,0.0,68020,12751959,9.45,1771.1,34008,0,34012,0,0,0,0,0,0,0,0,0,0,0,0,0,0.054,0.142,0.0
6,baseline,stop_and_wait,auction,sih_acceptance_overlap,20,815826b0cb0b2bb50d9e32b829e1c2e1142dca192250c7a873329ce52ae52846,False,6,18,1200.0,1200.0,0,0,0,2.0,0,0,0,445,0,0,0,0,27,0,0,335840,118656,0,0.0,68035,12803013,9.45,1778.2,34008,0,34027,0,0,0,0,0,0,0,0,0,0,0,0,0,0.082,0.877,0.0
6,baseline,stop_and_wait,auction,sih_acceptance_overlap,21,ea46bf0c912579e43f8cba48c06516a94fabdf6cf4bd017cf479c1c8e6c7fbf0,False,0,18,1200.0,1200.0,0,0,0,2.0,0,0,0,550,0,0,0,0,21,0,0,352324,234014,0,0.0,68020,12781729,9.45,1775.2,34008,0,34012,0,0,0,0,0,0,0,0,0,0,0,0,0,0.048,0.107,0.0
6,baseline,stop_and_wait,auction,sih_acceptance_overlap,22,59d9af365d00a250be303e59cea64bca6d41cfefa71ce812ac9ec37151db9e52,False,0,18,1200.0,1200.0,0,0,0,2.0,0,0,0,552,0,0,0,0,21,0,0,353062,118206,0,0.0,68020,12779861,9.45,1775.0,34008,0,34012,0,0,0,0,0,0,0,0,0,0,0,0,0,0.065,1.684,0.0
6,baseline,stop_and_wait,auction,sih_acceptance_overlap,23,036a11e5b958b7636df24501b4c6da21522debd9711dbf2c5a35bc153ceb2ddb,False,0,18,1200.0,1200.0,0,0,0,2.0,0,0,0,549,0,0,0,0,21,0,0,351597,116990,0,0.0,68020,12778262,9.45,1774.8,34008,0,34012,0,0,0,0,0,0,0,0,0,0,0,0,0,0.045,0.417,0.0
6,baseline,stop_and_wait,auction,sih_acceptance_overlap,24,cb314ea9e7f7194873278ca72249f06c7020fc18597d546a7ac192b593e1b772,False,0,18,1200.0,1200.0,0,0,0,2.0,0,0,0,463,0,0,0,0,21,0,0,354657,296015,0,0.0,68020,12779031,9.45,1774.9,34008,0,34012,0,0,0,0,0,0,0,0,0,0,0,0,0,0.052,0.88,0.0
6,baseline,stop_and_wait,auction,sih_acceptance_overlap,25,27a9b6b178c142ab175e113892bf9d887eb8a804750bd71a8b17549b40884d4c,False,0,18,1200.0,1200.0,0,0,0,2.0,0,0,0,548,0,0,0,0,21,0,0,351313,115774,0,0.0,68020,12773854,9.45,1774.1,34008,0,34012,0,0,0,0,0,0,0,0,0,0,0,0,0,0.051,0.182,0.0
6,baseline,stop_and_wait,auction,sih_acceptance_overlap,26,4647fd71c3674f3db23f1ff03e4861bec1c9218d030f7702a678054a5986a1c8,False,2,18,1200.0,1200.0,0,0,0,2.0,0,0,0,371,0,0,0,0,23,0,0,351936,351634,0,0.0,68026,12786610,9.45,1775.9,34008,0,34018,0,0,0,0,0,0,0,0,0,0,0,0,0,0.07,1.117,0.0
6,baseline,stop_and_wait,auction,sih_acceptance_overlap,27,ad5d23dec40ee42c1691e22aa1f4fa9b1624145deb70fbb0e8f84dd238b6f40e,False,0,18,1200.0,1200.0,0,0,0,2.0,0,0,0,551,0,0,0,0,21,0,0,352361,176654,0,0.0,68020,12717134,9.45,1766.3,34008,0,34012,0,0,0,0,0,0,0,0,0,0,0,0,0,0.05,0.144,0.0
6,baseline,stop_and_wait,auction,sih_acceptance_overlap,28,00fef429d6b3d896b68d44dba970817e5abccde12f0dd680c42755deec001da4,False,0,18,1200.0,1200.0,0,0,0,2.0,0,0,0,548,0,0,0,0,21,0,0,350466,116864,0,0.0,68020,12774761,9.45,1774.3,34008,0,34012,0,0,0,0,0,0,0,0,0,0,0,0,0,0.054,0.175,0.0
6,baseline,stop_and_wait,auction,sih_acceptance_overlap,29,a1cdb2ce67a72d734ddfe1245319ad4cdd65f52f7488076cbff761b9ab141f1b,False,0,18,1200.0,1200.0,0,0,0,2.0,0,0,0,375,0,0,0,0,21,0,0,352679,176867,0,0.0,68020,12774556,9.45,1774.2,34008,0,34012,0,0,0,0,0,0,0,0,0,0,0,0,0,0.044,0.41,0.0
6,candidate,BIOS_PIBT.5,auction,sih_acceptance_overlap,0,144134cfbe55dfa811f6a4862e83d373aae384cb425cbecae5c36073e9fcabd8,True,18,18,559.06,559.08,0,0,0,0.9318,0,0,60,77,0,0,0,0,19819,7583,15,6447,1260,0,0.0,45221,8643848,13.48,2576.8,15486,4617,24332,786,0,0,0,0,0,0,0,0,0,0,0,0,0.065,4.147,0.0
6,candidate,BIOS_PIBT.5,auction,sih_acceptance_overlap,1,536a285e2bca15b4a69eef03bdeb261a7ee5d84409afbbfef3bd30119fb103f8,True,18,18,565.2,565.22,0,0,0,0.94203,0,0,91,77,0,0,0,0,21193,7180,17,7850,774,0,0.0,47485,9080805,14.0,2677.7,15660,4933,26043,849,0,0,0,0,0,0,0,0,0,0,0,0,0.068,6.671,0.0
6,candidate,BIOS_PIBT.5,auction,sih_acceptance_overlap,2,ef30d4cc7a4fde9db3aff0d3188ec7460a719f3e892a84762682dff81782cbd3,True,18,18,536.84,536.86,0,0,0,0.89477,0,0,71,79,0,0,0,0,20300,6874,9,6463,1458,0,0.0,45316,8639132,14.07,2682.0,14844,4713,24975,784,0,0,0,0,0,0,0,0,0,0,0,0,0.07,9.96,0.0
6,candidate,BIOS_PIBT.5,auction,sih_acceptance_overlap,3,d24e0ae1b515943660d38162f75554641b0c96ed16f2703b068a13777a78ab84,True,18,18,537.88,537.9,0,0,0,0.8965,0,0,65,67,0,0,0,0,19201,8129,12,5499,234,0,0.0,43332,8290085,13.43,2568.7,14874,4252,23410,796,0,0,0,0,0,0,0,0,0,0,0,0,0.066,2.468,0.0
6,candidate,BIOS_PIBT.5,auction,sih_acceptance_overlap,4,e98efc09e0c603c8a411e96a2d3ee4141a9946569aa87b1b603ef3ccf0aefb8b,True,18,18,550.08,550.1,0,0,0,0.91683,0,0,62,76,0,0,0,0,19296,7487,16,5857,0,0,0.0,44015,8424559,13.34,2552.4,15228,4387,23614,786,0,0,0,0,0,0,0,0,0,0,0,0,0.067,10.471,0.0
6,candidate,BIOS_PIBT.5,auction,sih_acceptance_overlap,5,ad97dc1f164306b76946cb50c1335f162482119d964e1c173f854eeb5166c670,True,18,18,543.58,543.6,0,0,0,0.906,0,0,85,74,0,0,0,0,20546,7806,13,6761,648,0,0.0,45447,8672890,13.93,2659.1,15042,4558,25044,803,0,0,0,0,0,0,0,0,0,0,0,0,0.067,2.543,0.0
6,candidate,BIOS_PIBT.5,auction,sih_acceptance_overlap,6,ea5e1799d00579fe53cedb551f37507bd26a7b2052947a1dc83046a199b5438e,True,18,18,557.86,557.88,0,0,0,0.9298,0,0,52,68,0,0,0,0,21045,8979,10,4638,1582,0,0.0,46007,8792085,13.74,2626.6,15450,4381,25395,781,0,0,0,0,0,0,0,0,0,0,0,0,0.065,5.041,0.0
6,candidate,BIOS_PIBT.5,auction,sih_acceptance_overlap,7,ccd880f027b7f3c51f7c517b7c3855f7db6590d1b06144fc342c6ca0f9a97481,True,18,18,528.66,528.68,0,0,0,0.88113,0,0,56,71,0,0,0,0,18745,8286,3,3845,0,0,0.0,42658,8150539,13.45,2569.5,14610,4301,22947,800,0,0,0,0,0,0,0,0,0,0,0,0,0.067,4.966,0.0
6,candidate,BIOS_PIBT.5,auction,sih_acceptance_overlap,8,e3dc7e6c3954826440a84519e758c830826b8bf1d541ee07203e38e976e6546d,True,18,18,555.22,555.24,0,0,0,0.9254,0,0,99,91,0,0,0,0,20875,7362,15,8914,1090,0,0.0,46747,8918803,14.03,2677.2,15378,4890,25608,871,0,0,0,0,0,0,0,0,0,0,0,0,0.066,5.013,0.0
6,candidate,BIOS_PIBT.5,auction,sih_acceptance_overlap,9,3cac808b48d135e68c85f3a193943ec84bb557d8789a3ce739616a5dd5231a6b,True,18,18,572.28,572.3,0,0,0,0.95383,0,0,58,72,0,0,0,0,20014,8934,16,5091,1576,0,0.0,45329,8682637,13.2,2528.6,15864,4357,24339,769,0,0,0,0,0,0,0,0,0,0,0,0,0.068,8.968,0.0
6,candidate,BIOS_PIBT.5,auction,sih_acceptance_overlap,10,d7f0be6f5e878c9c4073653d342183b6eb706c7461e8f9219822aae26b70af3d,True,18,18,546.74,546.76,0,0,0,0.91127,0,0,79,77,0,0,0,0,20038,8257,14,5096,232,0,0.0,44721,8531513,13.63,2600.6,15132,4440,24369,780,0,0,0,0,0,0,0,0,0,0,0,0,0.069,6.224,0.0
6,candidate,BIOS_PIBT.5,auction,sih_acceptance_overlap,11,3c1782aacb5483836009361eb6ee924adee053231500073b98436d5e1b4a92ea,True,18,18,532.94,532.96,0,0,0,0.88827,0,0,53,70,0,0,0,0,18640,8221,20,4464,0,0,0.0,42259,8081300,13.22,2527.2,14736,4091,22674,758,0,0,0,0,0,0,0,0,0,0,0,0,0.065,0.785,0.0
6,candidate,BIOS_PIBT.5,auction,sih_acceptance_overlap,12,67eb3f906c90f0cac5d365327d2eb55ede30c9da23af8c5634e7c02dd90130be,True,18,18,560.4,560.42,0,0,0,0.93403,0,0,76,76,0,0,0,0,20832,7534,15,5529,0,0,0.0,46406,8863774,13.8,2636.1,15522,4699,25355,830,0,0,0,0,0,0,0,0,0,0,0,0,0.07,7.428,0.0
6,candidate,BIOS_PIBT.5,auction,sih_acceptance_overlap,13,1f7c37adbd80fd2ba92f8bc38a52be11b90e15d53e4a643120df1f03fe904f89,True,18,18,589.58,589.6,0,0,0,0.98267,0,0,75,78,0,0,0,0,21268,8243,15,5778,754,0,0.0,48197,9208953,13.62,2603.2,16362,4940,26054,841,0,0,0,0,0,0,0,0,0,0,0,0,0.066,0.699,0.0
6,candidate,BIOS_PIBT.5,auction,sih_acceptance_overlap,14,a278609eacd34c05aa1e0818f81fdb77853461e13ba16f0f0fa8199c5814dfea,True,18,18,515.96,515.98,0,0,0,0.85997,0,0,52,72,0,0,0,0,18293,6855,17,4718,560,0,0.0,41829,7997068,13.51,2583.1,14244,4280,22504,801,0,0,0,0,0,0,0,0,0,0,0,0,0.067,3.093,0.0
6,candidate,BIOS_PIBT.5,auction,sih_acceptance_overlap,15,3b21d4d8ff5086db767ff53a791bb68cf9a148ec4f3397d2e72a7bc36ca4f845,True,18,18,547.26,547.28,0,0,0,0.91213,0,0,49,66,0,0,0,0,20279,8729,17,4862,232,0,0.0,44699,8542786,13.61,2601.6,15144,4259,24527,769,0,0,0,0,0,0,0,0,0,0,0,0,0.066,2.446,0.0
6,candidate,BIOS_PIBT.5,auction,sih_acceptance_overlap,16,daebe01e9c9591bbe903c3e7b2f697c563e8ec5647aeee82582e55bf2ba0733a,True,18,18,568.3,568.32,0,0,0,0.9472,0,0,57,77,0,0,0,0,19847,7490,16,4498,0,0,0.0,45502,8703218,13.34,2552.3,15750,4591,24343,818,0,0,0,0,0,0,0,0,0,0,0,0,0.066,2.72,0.0
6,candidate,BIOS_PIBT.5,auction,sih_acceptance_overlap,17,db5797b91c65a6aa7cad97adc07891a7e89933d543196ae92e1b764a8daeeeb0,True,18,18,538.22,538.24,0,0,0,0.89707,0,0,79,107,0,0,0,0,19008,6316,14,6774,288,0,0.0,44109,8417307,13.66,2606.4,14886,4848,23572,803,0,0,0,0,0,0,0,0,0,0,0,0,0.066,6.076,0.0
6,candidate,BIOS_PIBT.5,auction,sih_acceptance_overlap,18,ebae5612c35d2ca9923c5470e34a6eced02402a58c3ee514180bddbe869fabf0,True,18,18,512.78,512.8,0,0,0,0.85467,0,0,73,77,0,0,0,0,18911,7479,9,6817,1438,0,0.0,42734,8172365,13.89,2656.1,14154,4457,23320,803,0,0,0,0,0,0,0,0,0,0,0,0,0.068,2.503,0.0
6,candidate,BIOS_PIBT.5,auction,sih_acceptance_overlap,19,bda9a50323f907255329d8f0c54e965b4bbd839941a60c6206c38ef3c6dded03,True,18,18,514.94,514.96,0,0,0,0.85827,0,0,53,60,0,0,0,0,19021,7812,16,5321,1032,0,0.0,42370,8089920,13.71,2618.3,14214,4169,23195,792,0,0,0,0,0,0,0,0,0,0,0,0,0.067,4.273,0.0
6,candidate,BIOS_PIBT.5,auction,sih_acceptance_overlap,20,815826b0cb0b2bb50d9e32b829e1c2e1142dca192250c7a873329ce52ae52846,True,18,18,555.18,555.2,0,0,0,0.92533,0,0,64,68,0,0,0,0,20538,8711,25,4417,0,0,0.0,45109,8616269,13.54,2586.5,15372,4232,24730,775,0,0,0,0,0,0,0,0,0,0,0,0,0.065,0.786,0.0
6,candidate,BIOS_PIBT.5,auction,sih_acceptance_overlap,21,ea46bf0c912579e43f8cba48c06516a94fabdf6cf4bd017cf479c1c8e6c7fbf0,True,18,18,532.66,532.68,0,0,0,0.8878,0,0,67,78,0,0,0,0,19609,7713,13,5478,0,0,0.0,43909,8381843,13.74,2622.5,14724,4431,23927,827,0,0,0,0,0,0,0,0,0,0,0,0,0.063,0.862,0.0
6,candidate,BIOS_PIBT.5,auction,sih_acceptance_overlap,22,59d9af365d00a250be303e59cea64bca6d41cfefa71ce812ac9ec37151db9e52,True,18,18,542.76,542.78,0,0,0,0.90463,0,0,68,80,0,0,0,0,19607,6935,13,5466,778,0,0.0,44492,8493240,13.66,2607.9,15018,4585,24082,807,0,0,0,0,0,0,0,0,0,0,0,0,0.065,1.291,0.0
6,candidate,BIOS_PIBT.5,auction,sih_acceptance_overlap,23,036a11e5b958b7636df24501b4c6da21522debd9711dbf2c5a35bc153ceb2ddb,True,18,18,575.2,575.22,0,0,0,0.9587,0,0,58,90,0,0,0,0,20402,7634,17,5392,522,0,0.0,46366,8862393,13.43,2567.8,15948,4690,24915,813,0,0,0,0,0,0,0,0,0,0,0,0,0.063,0.88,0.0
6,candidate,BIOS_PIBT.5,auction,sih_acceptance_overlap,24,cb314ea9e7f7194873278ca72249f06c7020fc18597d546a7ac192b593e1b772,True,18,18,554.1,554.12,0,0,0,0.92353,0,0,51,77,0,0,0,0,20276,7647,16,6783,640,0,0.0,45423,8687927,13.66,2613.1,15342,4552,24751,778,0,0,0,0,0,0,0,0,0,0,0,0,0.064,2.107,0.0
6,candidate,BIOS_PIBT.5,auction,sih_acceptance_overlap,25,27a9b6b178c142ab175e113892bf9d887eb8a804750bd71a8b17549b40884d4c,True,18,18,592.38,592.4,0,0,0,0.98733,0,0,45,62,0,0,0,0,22067,9875,19,4171,770,0,0.0,48286,9221394,13.58,2594.4,16446,4502,26559,779,0,0,0,0,0,0,0,0,0,0,0,0,0.059,3.099,0.0
6,candidate,BIOS_PIBT.5,auction,sih_acceptance_overlap,26,4647fd71c3674f3db23f1ff03e4861bec1c9218d030f7702a678054a5986a1c8,True,18,18,550.42,550.44,0,0,0,0.9174,0,0,60,66,0,0,0,0,19739,8481,14,4316,0,0,0.0,44194,8447432,13.38,2557.8,15234,4246,23937,777,0,0,0,0,0,0,0,0,0,0,0,0,0.061,1.002,0.0
6,candidate,BIOS_PIBT.5,auction,sih_acceptance_overlap,27,ad5d23dec40ee42c1691e22aa1f4fa9b1624145deb70fbb0e8f84dd238b6f40e,True,18,18,570.2,570.22,0,0,0,0.95037,0,0,48,68,0,0,0,0,20242,8546,21,4186,0,0,0.0,45480,8697259,13.29,2542.1,15804,4362,24559,755,0,0,0,0,0,0,0,0,0,0,0,0,0.058,0.616,0.0
6,candidate,BIOS_PIBT.5,auction,sih_acceptance_overlap,28,00fef429d6b3d896b68d44dba970817e5abccde12f0dd680c42755deec001da4,True,18,18,540.92,540.94,0,0,0,0.90157,0,0,63,71,0,0,0,0,20252,8612,9,4227,170,0,0.0,45033,8601886,13.87,2650.3,14964,4554,24710,805,0,0,0,0,0,0,0,0,0,0,0,0,0.058,1.003,0.0
6,candidate,BIOS_PIBT.5,auction,sih_acceptance_overlap,29,a1cdb2ce67a72d734ddfe1245319ad4cdd65f52f7488076cbff761b9ab141f1b,True,18,18,557.1,557.12,0,0,0,0.92853,0,0,80,90,0,0,0,0,21301,7496,26,6385,2938,0,0.0,46699,8909069,13.97,2665.2,15432,4661,25775,831,0,0,0,0,0,0,0,0,0,0,0,0,0.055,0.629,0.0
8,baseline,stop_and_wait,auction,sih_acceptance_overlap,0,f94ce3d7cfccb050d90c7d217cc08e77791458a0d50779bf53728fd0b96a5252,False,0,24,1200.0,1200.0,0,0,0,2.66667,0,0,0,736,0,0,0,0,36,0,0,471338,236250,0,0.0,90699,17002837,9.45,1771.1,45344,0,45355,0,0,0,0,0,0,0,0,0,0,0,0,0,0.045,1.786,0.0
8,baseline,stop_and_wait,auction,sih_acceptance_overlap,1,a3500993fd087024783e334f0b11aa3066f582a9d2c56c2d8a94d1a1e0f34087,False,0,24,1200.0,1200.0,0,0,0,2.66667,0,0,0,692,0,0,0,0,36,0,0,471062,352794,0,0.0,90699,17001579,9.45,1771.0,45344,0,45355,0,0,0,0,0,0,0,0,0,0,0,0,0,0.053,2.26,0.0
8,baseline,stop_and_wait,auction,sih_acceptance_overlap,2,dc95c1399be67fe1633e4c15e7ef273f22cc576f42775682e9fb0edc8ae37f4f,False,0,24,1200.0,1200.0,0,0,0,2.66667,0,0,0,738,0,0,0,0,36,0,0,471520,294141,0,0.0,90699,16974945,9.45,1768.2,45344,0,45355,0,0,0,0,0,0,0,0,0,0,0,0,0,0.055,1.104,0.0
8,baseline,stop_and_wait,auction,sih_acceptance_overlap,3,71f573eb1e02c52d88e3127868971283e1a88b001e25ecf50dc7d682d23c873a,False,0,24,1200.0,1200.0,0,0,0,2.66667,0,0,0,736,0,0,0,0,36,0,0,471908,353174,0,0.0,90699,17021687,9.45,1773.1,45344,0,45355,0,0,0,0,0,0,0,0,0,0,0,0,0,0.049,1.642,0.0
8,baseline,stop_and_wait,auction,sih_acceptance_overlap,4,08e116eba8d26b9c09de358f444fb6d43b51567f0d16cfc130c5147a46ff1aef,False,0,24,1200.0,1200.0,0,0,0,2.66667,0,0,0,659,0,0,0,0,36,0,0,473769,472810,0,0.0,90699,17018944,9.45,1772.8,45344,0,45355,0,0,0,0,0,0,0,0,0,0,0,0,0,0.039,1.148,0.0
8,baseline,stop_and_wait,auction,sih_acceptance_overlap,5,80762e06b3aad56c98dc2f3e2c4e0f067fcda60349def30c72dc7e3f6513502c,False,0,24,1200.0,1200.0,0,0,0,2.66667,0,0,0,724,0,0,0,0,36,0,0,471264,353622,0,0.0,90699,17024897,9.45,1773.4,45344,0,45355,0,0,0,0,0,0,0,0,0,0,0,0,0,0.047,2.137,0.0
8,baseline,stop_and_wait,auction,sih_acceptance_overlap,6,de8ea365f4327c70789abada0e36fa328c98f5b4fb10394dcd1c4ff75eef764b,False,0,24,1200.0,1200.0,0,0,0,2.66667,0,0,0,734,0,0,0,0,36,0,0,469143,234660,0,0.0,90699,17016288,9.45,1772.5,45344,0,45355,0,0,0,0,0,0,0,0,0,0,0,0,0,0.042,0.166,0.0
8,baseline,stop_and_wait,auction,sih_acceptance_overlap,7,d5ee997bdfb224a90f510295119e02a71a0ccb9ade3c7405b29be1c2801f89fb,False,0,24,1200.0,1200.0,0,0,0,2.66667,0,0,0,642,0,0,0,0,36,0,0,469970,235960,0,0.0,90699,16966519,9.45,1767.3,45344,0,45355,0,0,0,0,0,0,0,0,0,0,0,0,0,0.045,1.361,0.0
8,baseline,stop_and_wait,auction,sih_acceptance_overlap,8,b0d924286fd484e058a7792fd9895dfe4840ac0f4d9ee62c9934e65d97e2999d,False,0,24,1200.0,1200.0,0,0,0,2.66667,0,0,0,734,0,0,0,0,36,0,0,469514,117656,0,0.0,90699,16984418,9.45,1769.2,45344,0,45355,0,0,0,0,0,0,0,0,0,0,0,0,0,0.051,2.204,0.0
8,baseline,stop_and_wait,auction,sih_acceptance_overlap,9,09e3c453d2d367013a00af0f90bcb1a206a93bc97307e1e83b217234b6131924,False,0,24,1200.0,1200.0,0,0,0,2.66667,0,0,0,741,0,0,0,0,36,0,0,474102,238124,0,0.0,90699,17013098,9.45,1772.2,45344,0,45355,0,0,0,0,0,0,0,0,0,0,0,0,0,0.042,0.61,0.0
8,baseline,stop_and_wait,auction,sih_acceptance_overlap,10,86c23da1b850038ebe21cb17284534e8f9707e6c074ecea22c7d95bedc4fe762,False,0,24,1200.0,1200.0,0,0,0,2.66667,0,0,0,732,0,0,0,0,36,0,0,468863,177420,0,0.0,90699,17043750,9.45,1775.4,45344,0,45355,0,0,0,0,0,0,0,0,0,0,0,0,0,0.06,2.458,0.0
8,baseline,stop_and_wait,auction,sih_acceptance_overlap,11,363a96b44df277d8024e78326ad7eba9da3827e10740ce8a1f8959de9091fe9c,False,0,24,1200.0,1200.0,0,0,0,2.66667,0,0,0,609,0,0,0,0,36,0,0,469628,178130,0,0.0,90699,16964630,9.45,1767.1,45344,0,45355,0,0,0,0,0,0,0,0,0,0,0,0,0,0.053,0.694,0.0
8,baseline,stop_and_wait,auction,sih_acceptance_overlap,12,4be5b6a8cb41385def773b04ee5bd8f037a40442eb58cc66d32381358ba2634d,False,0,24,1200.0,1200.0,0,0,0,2.66667,0,0,0,709,0,0,0,0,36,0,0,474379,235104,0,0.0,90699,17019089,9.45,1772.8,45344,0,45355,0,0,0,0,0,0,0,0,0,0,0,0,0,0.069,1.853,0.0
8,baseline,stop_and_wait,auction,sih_acceptance_overlap,13,591c3a5afaf8996d0bc4c19c3db0d1f630b065328d7c6ed400bfb51272facf4f,False,0,24,1200.0,1200.0,0,0,0,2.66667,0,0,0,734,0,0,0,0,36,0,0,469754,176912,0,0.0,90699,16968893,9.45,1767.6,45344,0,45355,0,0,0,0,0,0,0,0,0,0,0,0,0,0.066,2.882,0.0
8,baseline,stop_and_wait,auction,sih_acceptance_overlap,14,5a120ff2e144cdc1e3493c27fcff8c75cff8e4fd74891a42e0dbfdfbeb910f0f,False,0,24,1200.0,1200.0,0,0,0,2.66667,0,0,0,737,0,0,0,0,36,0,0,471064,177922,0,0.0,90699,17050937,9.45,1776.1,45344,0,45355,0,0,0,0,0,0,0,0,0,0,0,0,0,0.058,0.231,0.0
8,baseline,stop_and_wait,auction,sih_acceptance_overlap,15,4677371668cc92a1edc93930d9e3347ad884948ef13cdbb4af66186f107cffb8,False,0,24,1200.0,1200.0,0,0,0,2.66667,0,0,0,734,0,0,0,0,36,0,0,470557,235792,0,0.0,90699,17001487,9.45,1771.0,45344,0,45355,0,0,0,0,0,0,0,0,0,0,0,0,0,0.059,1.056,0.0
8,baseline,stop_and_wait,auction,sih_acceptance_overlap,16,7a6c850da4713ff61c744615401fd2cced73e2ecfed8b053983c360571967062,False,0,24,1200.0,1200.0,0,0,0,2.66667,0,0,0,734,0,0,0,0,36,0,0,470619,117548,0,0.0,90699,17038636,9.45,1774.9,45344,0,45355,0,0,0,0,0,0,0,0,0,0,0,0,0,0.057,1.749,0.0
8,baseline,stop_and_wait,auction,sih_acceptance_overlap,17,1ccb0a54f998bef17a936361b7fe6a721ddc49e033fe4df246cdbf3bf19035b2,False,0,24,1200.0,1200.0,0,0,0,2.66667,0,0,0,735,0,0,0,0,36,0,0,471086,235250,0,0.0,90699,17025736,9.45,1773.5,45344,0,45355,0,0,0,0,0,0,0,0,0,0,0,0,0,0.055,2.1,0.0
8,baseline,stop_and_wait,auction,sih_acceptance_overlap,18,50c40e9262fdc631924e57ab2737bb0fa03c45f0d8d2674e2c503171dbfc7ab1,False,0,24,1200.0,1200.0,0,0,0,2.66667,0,0,0,555,0,0,0,0,36,0,0,471026,237214,0,0.0,90699,17030072,9.45,1774.0,45344,0,45355,0,0,0,0,0,0,0,0,0,0,0,0,0,0.042,0.118,0.0
8,baseline,stop_and_wait,auction,sih_acceptance_overlap,19,3f344e7e898641c4175c581fe69dab07219fd2e22a9d1c099f1eac88e15ca396,False,0,24,1200.0,1200.0,0,0,0,2.66667,0,0,0,646,0,0,0,0,36,0,0,471134,470229,0,0.0,90699,17018991,9.45,1772.8,45344,0,45355,0,0,0,0,0,0,0,0,0,0,0,0,0,0.061,0.438,0.0
8,baseline,stop_and_wait,auction,sih_acceptance_overlap,20,072195c3f883c10a9d0b16b935645e8dc6366fe55199a07d2e087a5c4014767d,False,0,24,1200.0,1200.0,0,0,0,2.66667,0,0,0,736,0,0,0,0,36,0,0,470950,176175,0,0.0,90699,17039627,9.45,1775.0,45344,0,45355,0,0,0,0,0,0,0,0,0,0,0,0,0,0.057,0.412,0.0
8,baseline,stop_and_wait,auction,sih_acceptance_overlap,21,fbb43441e828332bc8001106cedd0245c214f226d8b1e8950f3788c1ed988cd0,False,0,24,1200.0,1200.0,0,0,0,2.66667,0,0,0,737,0,0,0,0,36,0,0,471332,178060,0,0.0,90699,17047230,9.45,1775.8,45344,0,45355,0,0,0,0,0,0,0,0,0,0,0,0,0,0.042,0.109,0.0
8,baseline,stop_and_wait,auction,sih_acceptance_overlap,22,686d5ed46b877a0dc64c0c1250014501c97d2907cdf9b30615c6208693a2ad1d,False,0,24,1200.0,1200.0,0,0,0,2.66667,0,0,0,736,0,0,0,0,36,0,0,472351,352922,0,0.0,90699,17021836,9.45,1773.1,45344,0,45355,0,0,0,0,0,0,0,0,0,0,0,0,0,0.059,0.151,0.0
8,baseline,stop_and_wait,auction,sih_acceptance_overlap,23,bdefa711ddb393f045472ee80250f1cad7b7617d43047334d23a099eed42a8ab,False,0,24,1200.0,1200.0,0,0,0,2.66667,0,0,0,734,0,0,0,0,36,0,0,470179,116618,0,0.0,90699,17050335,9.45,1776.1,45344,0,45355,0,0,0,0,0,0,0,0,0,0,0,0,0,0.041,0.137,0.0
8,baseline,stop_and_wait,auction,sih_acceptance_overlap,24,34dbeba10a1ed8eb80255ee2a20541937027a1da5b69b885c41d3c20610bd4e8,False,0,24,1200.0,1200.0,0,0,0,2.66667,0,0,0,711,0,0,0,0,36,0,0,472121,354216,0,0.0,90699,17023053,9.45,1773.2,45344,0,45355,0,0,0,0,0,0,0,0,0,0,0,0,0,0.051,0.208,0.0
8,baseline,stop_and_wait,auction,sih_acceptance_overlap,25,4a6a698482e119ee2a3c66df33499083a4c8ad9f2a758a519ed6ce7b8d0df14f,False,0,24,1200.0,1200.0,0,0,0,2.66667,0,0,0,731,0,0,0,0,36,0,0,470022,0,0,0.0,90699,17054650,9.45,1776.5,45344,0,45355,0,0,0,0,0,0,0,0,0,0,0,0,0,0.044,0.247,0.0
8,baseline,stop_and_wait,auction,sih_acceptance_overlap,26,fd875997e1d88dbefc633ddce2682e9ad0ea3131f645e1937467f3f4df8c1256,False,0,24,1200.0,1200.0,0,0,0,2.66667,0,0,0,640,0,0,0,0,36,0,0,473096,118564,0,0.0,90699,17009826,9.45,1771.9,45344,0,45355,0,0,0,0,0,0,0,0,0,0,0,0,0,0.07,0.321,0.0
8,baseline,stop_and_wait,auction,sih_acceptance_overlap,27,fc312a747a429105223d93adad61487a50249bf450373c2361bfc99b0103f8e8,False,0,24,1200.0,1200.0,0,0,0,2.66667,0,0,0,738,0,0,0,0,36,0,0,473705,118450,0,0.0,90699,16999796,9.45,1770.8,45344,0,45355,0,0,0,0,0,0,0,0,0,0,0,0,0,0.069,0.294,0.0
8,baseline,stop_and_wait,auction,sih_acceptance_overlap,28,54707f0f0f7716b1343e7233588e990554892044d27359a6c3c5b2ae4cfebad6,False,0,24,1200.0,1200.0,0,0,0,2.66667,0,0,0,738,0,0,0,0,36,0,0,473158,472572,0,0.0,90699,16975038,9.45,1768.2,45344,0,45355,0,0,0,0,0,0,0,0,0,0,0,0,0,0.074,0.16,0.0
8,baseline,stop_and_wait,auction,sih_acceptance_overlap,29,6dddc9facfa7fcbc0a65cbb4656104188f563b2b4e3c99a192e799c18b01448a,False,0,24,1200.0,1200.0,0,0,0,2.66667,0,0,0,644,0,0,0,0,36,0,0,475462,356320,0,0.0,90699,16992220,9.45,1770.0,45344,0,45355,0,0,0,0,0,0,0,0,0,0,0,0,0,0.05,0.963,0.0
8,candidate,BIOS_PIBT.5,auction,sih_acceptance_overlap,0,f94ce3d7cfccb050d90c7d217cc08e77791458a0d50779bf53728fd0b96a5252,True,24,24,688.4,688.42,0,0,0,1.52982,0,0,81,87,0,0,0,0,34766,36937,47,5511,112,0,0.0,72569,13827696,13.18,2510.8,25616,5606,40310,1037,0,0,0,0,0,0,0,0,0,0,0,0,0.093,15.059,0.0
8,candidate,BIOS_PIBT.5,auction,sih_acceptance_overlap,1,a3500993fd087024783e334f0b11aa3066f582a9d2c56c2d8a94d1a1e0f34087,True,24,24,749.46,749.48,0,0,0,1.66551,0,0,101,125,0,0,0,0,39569,41124,39,8938,832,0,0.0,81590,15528207,13.61,2589.8,27960,6628,45885,1117,0,0,0,0,0,0,0,0,0,0,0,0,0.093,3.205,0.0
8,candidate,BIOS_PIBT.5,auction,sih_acceptance_overlap,2,dc95c1399be67fe1633e4c15e7ef273f22cc576f42775682e9fb0edc8ae37f4f,True,24,24,697.0,697.02,0,0,0,1.54893,0,0,112,116,0,0,0,0,35527,37557,39,8241,1410,0,0.0,74977,14281984,13.45,2561.3,25944,6314,41614,1105,0,0,0,0,0,0,0,0,0,0,0,0,0.092,6.483,0.0
8,candidate,BIOS_PIBT.5,auction,sih_acceptance_overlap,3,71f573eb1e02c52d88e3127868971283e1a88b001e25ecf50dc7d682d23c873a,True,24,24,799.48,799.5,0,0,0,1.77667,0,0,170,165,0,0,0,0,40082,36885,53,16634,3200,0,0.0,86894,16564915,13.59,2589.9,29880,8019,47762,1233,0,0,0,0,0,0,0,0,0,0,0,0,0.091,4.673,0.0
8,candidate,BIOS_PIBT.5,auction,sih_acceptance_overlap,4,08e116eba8d26b9c09de358f444fb6d43b51567f0d16cfc130c5147a46ff1aef,True,24,24,711.78,711.8,0,0,0,1.58178,0,0,93,128,0,0,0,0,36022,36669,36,9153,748,0,0.0,75843,14440991,13.32,2536.0,26512,6256,41940,1135,0,0,0,0,0,0,0,0,0,0,0,0,0.093,3.241,0.0
8,candidate,BIOS_PIBT.5,auction,sih_acceptance_overlap,5,80762e06b3aad56c98dc2f3e2c4e0f067fcda60349def30c72dc7e3f6513502c,True,24,24,766.16,766.18,0,0,0,1.70262,0,0,111,146,0,0,0,0,38183,40037,68,10172,8078,0,0.0,81333,15486376,13.27,2526.6,28600,6873,44765,1095,0,0,0,0,0,0,0,0,0,0,0,0,0.091,4.619,0.0
8,candidate,BIOS_PIBT.5,auction,sih_acceptance_overlap,6,de8ea365f4327c70789abada0e36fa328c98f5b4fb10394dcd1c4ff75eef764b,True,24,24,708.38,708.4,0,0,0,1.57422,0,0,107,117,0,0,0,0,36524,39274,34,8260,592,0,0.0,76016,14494355,13.41,2557.6,26384,6125,42441,1066,0,0,0,0,0,0,0,0,0,0,0,0,0.092,3.341,0.0
8,candidate,BIOS_PIBT.5,auction,sih_acceptance_overlap,7,d5ee997bdfb224a90f510295119e02a71a0ccb9ade3c7405b29be1c2801f89fb,True,24,24,718.76,718.78,0,0,0,1.59729,0,0,87,111,0,0,0,0,37057,39508,42,7218,902,0,0.0,76589,14590749,13.32,2537.4,26776,5929,42843,1041,0,0,0,0,0,0,0,0,0,0,0,0,0.093,3.786,0.0
8,candidate,BIOS_PIBT.5,auction,sih_acceptance_overlap,8,b0d924286fd484e058a7792fd9895dfe4840ac0f4d9ee62c9934e65d97e2999d,True,24,24,699.24,699.26,0,0,0,1.55391,0,0,101,107,0,0,0,0,34024,37392,38,6184,942,0,0.0,72240,13778242,12.91,2463.0,26032,5665,39497,1046,0,0,0,0,0,0,0,0,0,0,0,0,0.091,4.383,0.0
8,candidate,BIOS_PIBT.5,auction,sih_acceptance_overlap,9,09e3c453d2d367013a00af0f90bcb1a206a93bc97307e1e83b217234b6131924,True,24,24,724.12,724.14,0,0,0,1.6092,0,0,98,115,0,0,0,0,36682,38216,43,7685,702,0,0.0,76665,14613337,13.23,2522.5,26984,6077,42567,1037,0,0,0,0,0,0,0,0,0,0,0,0,0.091,3.14,0.0
8,candidate,BIOS_PIBT.5,auction,sih_acceptance_overlap,10,86c23da1b850038ebe21cb17284534e8f9707e6c074ecea22c7d95bedc4fe762,True,24,24,745.82,745.84,0,0,0,1.65742,0,0,113,122,0,0,0,0,39826,41803,37,9768,1398,0,0.0,81555,15499779,13.67,2597.7,27816,6547,46078,1114,0,0,0,0,0,0,0,0,0,0,0,0,0.094,3.256,0.0
8,candidate,BIOS_PIBT.5,auction,sih_acceptance_overlap,11,363a96b44df277d8024e78326ad7eba9da3827e10740ce8a1f8959de9091fe9c,True,24,24,739.88,739.9,0,0,0,1.64422,0,0,117,129,0,0,0,0,37061,38079,29,10382,518,0,0.0,78390,14919046,13.24,2520.4,27592,6428,43243,1127,0,0,0,0,0,0,0,0,0,0,0,0,0.096,21.213,0.0
8,candidate,BIOS_PIBT.5,auction,sih_acceptance_overlap,12,4be5b6a8cb41385def773b04ee5bd8f037a40442eb58cc66d32381358ba2634d,True,24,24,697.52,697.54,0,0,0,1.55009,0,0,84,114,0,0,0,0,35161,37185,44,5720,36,0,0.0,73893,14083566,13.24,2523.8,25968,5968,40874,1083,0,0,0,0,0,0,0,0,0,0,0,0,0.093,3.177,0.0
8,candidate,BIOS_PIBT.5,auction,sih_acceptance_overlap,13,591c3a5afaf8996d0bc4c19c3db0d1f630b065328d7c6ed400bfb51272facf4f,True,24,24,772.14,772.16,0,0,0,1.71591,0,0,137,145,0,0,0,0,39420,37408,89,12052,1422,0,0.0,83335,15885142,13.49,2571.5,28832,7169,46177,1157,0,0,0,0,0,0,0,0,0,0,0,0,0.095,3.873,0.0
8,candidate,BIOS_PIBT.5,auction,sih_acceptance_overlap,14,5a120ff2e144cdc1e3493c27fcff8c75cff8e4fd74891a42e0dbfdfbeb910f0f,True,24,24,695.42,695.44,0,0,0,1.54542,0,0,86,115,0,0,0,0,34170,35340,41,8418,410,0,0.0,73085,13959104,13.14,2509.0,25880,6085,40037,1083,0,0,0,0,0,0,0,0,0,0,0,0,0.095,6.434,0.0
8,candidate,BIOS_PIBT.5,auction,sih_acceptance_overlap,15,4677371668cc92a1edc93930d9e3347ad884948ef13cdbb4af66186f107cffb8,True,24,24,709.68,709.7,0,0,0,1.57711,0,0,104,117,0,0,0,0,36965,39002,38,8906,466,0,0.0,76864,14622677,13.54,2575.5,26432,6266,43051,1115,0,0,0,0,0,0,0,0,0,0,0,0,0.092,5.144,0.0
8,candidate,BIOS_PIBT.5,auction,sih_acceptance_overlap,16,7a6c850da4713ff61c744615401fd2cced73e2ecfed8b053983c360571967062,True,24,24,704.58,704.6,0,0,0,1.56578,0,0,86,124,0,0,0,0,34664,36303,38,8566,470,0,0.0,74072,14127137,13.14,2506.2,26232,6168,40573,1099,0,0,0,0,0,0,0,0,0,0,0,0,0.093,3.09,0.0
8,candidate,BIOS_PIBT.5,auction,sih_acceptance_overlap,17,1ccb0a54f998bef17a936361b7fe6a721ddc49e033fe4df246cdbf3bf19035b2,True,24,24,744.52,744.54,0,0,0,1.65453,0,0,128,140,0,0,0,0,37366,37065,35,11873,1232,0,0.0,79771,15217643,13.39,2554.9,27768,6883,43946,1174,0,0,0,0,0,0,0,0,0,0,0,0,0.094,3.151,0.0
8,candidate,BIOS_PIBT.5,auction,sih_acceptance_overlap,18,50c40e9262fdc631924e57ab2737bb0fa03c45f0d8d2674e2c503171dbfc7ab1,True,24,24,723.66,723.68,0,0,0,1.60818,0,0,103,106,0,0,0,0,35232,36782,42,7143,752,0,0.0,75133,14321762,12.98,2473.8,26968,6001,41064,1100,0,0,0,0,0,0,0,0,0,0,0,0,0.093,6.736,0.0
8,candidate,BIOS_PIBT.5,auction,sih_acceptance_overlap,19,3f344e7e898641c4175c581fe69dab07219fd2e22a9d1c099f1eac88e15ca396,True,24,24,687.3,687.32,0,0,0,1.52738,0,0,99,113,0,0,0,0,35026,35274,51,8903,840,0,0.0,73468,13996286,13.36,2545.4,25576,5983,40816,1093,0,0,0,0,0,0,0,0,0,0,0,0,0.099,15.346,0.0
8,candidate,BIOS_PIBT.5,auction,sih_acceptance_overlap,20,072195c3f883c10a9d0b16b935645e8dc6366fe55199a07d2e087a5c4014767d,True,24,24,797.16,797.18,0,0,0,1.77151,0,0,151,125,0,0,0,0,38008,41341,55,10706,1548,0,0.0,82207,15694018,12.89,2460.9,29792,6768,44543,1104,0,0,0,0,0,0,0,0,0,0,0,0,0.083,1.38,0.0
8,candidate,BIOS_PIBT.5,auction,sih_acceptance_overlap,21,fbb43441e828332bc8001106cedd0245c214f226d8b1e8950f3788c1ed988cd0,True,24,24,653.7,653.72,0,0,0,1.45271,0,0,68,87,0,0,0,0,32447,36103,32,6597,366,0,0.0,68291,13027875,13.06,2491.1,24280,5297,37693,1021,0,0,0,0,0,0,0,0,0,0,0,0,0.088,22.369,0.0
8,candidate,BIOS_PIBT.5,auction,sih_acceptance_overlap,22,686d5ed46b877a0dc64c0c1250014501c97d2907cdf9b30615c6208693a2ad1d,True,24,24,719.0,719.02,0,0,0,1.59782,0,0,103,105,0,0,0,0,36403,38324,38,9269,702,0,0.0,76944,14664137,13.38,2549.3,26792,6380,42644,1128,0,0,0,0,0,0,0,0,0,0,0,0,0.085,3.132,0.0
8,candidate,BIOS_PIBT.5,auction,sih_acceptance_overlap,23,bdefa711ddb393f045472ee80250f1cad7b7617d43047334d23a099eed42a8ab,True,24,24,735.38,735.4,0,0,0,1.63422,0,0,71,105,0,0,0,0,38156,41101,30,6792,2296,0,0.0,78447,14946680,13.33,2540.6,27416,5986,44021,1024,0,0,0,0,0,0,0,0,0,0,0,0,0.085,2.339,0.0
8,candidate,BIOS_PIBT.5,auction,sih_acceptance_overlap,24,34dbeba10a1ed8eb80255ee2a20541937027a1da5b69b885c41d3c20610bd4e8,True,24,24,696.16,696.18,0,0,0,1.54707,0,0,107,122,0,0,0,0,35346,34773,37,7975,732,0,0.0,74597,14229520,13.39,2554.9,25912,6254,41351,1080,0,0,0,0,0,0,0,0,0,0,0,0,0.086,2.939,0.0
8,candidate,BIOS_PIBT.5,auction,sih_acceptance_overlap,25,4a6a698482e119ee2a3c66df33499083a4c8ad9f2a758a519ed6ce7b8d0df14f,True,24,24,757.72,757.74,0,0,0,1.68387,0,0,87,116,0,0,0,0,37458,39573,51,6542,1840,0,0.0,79483,15153947,13.11,2499.9,28280,6452,43649,1102,0,0,0,0,0,0,0,0,0,0,0,0,0.082,4.65,0.0
8,candidate,BIOS_PIBT.5,auction,sih_acceptance_overlap,26,fd875997e1d88dbefc633ddce2682e9ad0ea3131f645e1937467f3f4df8c1256,True,24,24,726.34,726.36,0,0,0,1.61413,0,0,81,87,0,0,0,0,37761,42024,40,6338,1102,0,0.0,77383,14728544,13.32,2534.6,27072,5751,43522,1038,0,0,0,0,0,0,0,0,0,0,0,0,0.082,3.239,0.0
8,candidate,BIOS_PIBT.5,auction,sih_acceptance_overlap,27,fc312a747a429105223d93adad61487a50249bf450373c2361bfc99b0103f8e8,True,24,24,763.76,763.78,0,0,0,1.69729,0,0,151,147,0,0,0,0,39715,39152,38,11145,2566,0,0.0,83294,15840223,13.63,2592.4,28504,7100,46574,1116,0,0,0,0,0,0,0,0,0,0,0,0,0.073,2.728,0.0
8,candidate,BIOS_PIBT.5,auction,sih_acceptance_overlap,28,54707f0f0f7716b1343e7233588e990554892044d27359a6c3c5b2ae4cfebad6,True,24,24,702.94,702.96,0,0,0,1.56213,0,0,86,95,0,0,0,0,35304,39603,30,7526,1212,0,0.0,74519,14215759,13.25,2527.8,26176,5998,41295,1050,0,0,0,0,0,0,0,0,0,0,0,0,0.077,1.846,0.0
8,candidate,BIOS_PIBT.5,auction,sih_acceptance_overlap,29,6dddc9facfa7fcbc0a65cbb4656104188f563b2b4e3c99a192e799c18b01448a,True,24,24,685.42,685.44,0,0,0,1.5232,0,0,118,104,0,0,0,0,35007,36476,40,8774,234,0,0.0,73098,13924934,13.33,2539.4,25496,5841,40656,1105,0,0,0,0,0,0,0,0,0,0,0,0,0.082,1.149,0.0
